{
    "test_results": [
        0.4737387640374766,
        0.4736641033789044,
        0.4761078870021438,
        0.4788992330756836,
        0.4770777411040244,
        0.48679777638087884,
        0.4879021710204835,
        0.4850587999428566,
        0.4798328653840395,
        0.4751090978997516
    ],
    "test_mean": 0.47941884392262424,
    "test_std": 0.00508982761133493
}