{
    "model_1": 0.48731295953548637,
    "model_2": 0.4975516133654502,
    "model_3": 0.5129122581194139,
    "model_4": 0.518007101225871,
    "model_5": 0.5155120249966508,
    "model_6": 0.5272281089869546,
    "model_7": 0.5061326369720051,
    "model_8": 0.5520364150119701,
    "model_9": 0.5072396365949345,
    "model_10": 0.5513906208615666,
    "ensemble": 0.4798998414390643
}