{
    "model_1": 0.5224814707839337,
    "model_2": 0.49589412918215003,
    "model_3": 0.48677802845075635,
    "model_4": 0.49764321701456976,
    "model_5": 0.5074454507340544,
    "model_6": 0.5184913766146166,
    "model_7": 0.4898334678409665,
    "model_8": 0.5252982900125677,
    "model_9": 0.4588987360958167,
    "model_10": 0.48736900911756414,
    "ensemble": 0.463684417851829
}