{
    "test_results": [
        0.46298403863890253,
        0.46206109809023443,
        0.4576467664292953,
        0.46314073638606884,
        0.459586702148314,
        0.4664452018723648,
        0.46175604540700194,
        0.4548831257230239,
        0.4607543706858193,
        0.45719956670499867
    ],
    "test_mean": 0.4606457652086024,
    "test_std": 0.0032213888320666573
}