{
    "model_1": {
        "tr_losses_mean": 25.274591944703236,
        "tr_losses_std": 2.193758171311055,
        "tr_evals_mean": 0.18633988060559778,
        "tr_evals_std": 0.007741878221495778,
        "internal_val_losses_mean": 0.8139968319986431,
        "internal_val_losses_std": 0.18431157172352058,
        "internal_val_evals_mean": 0.5942559148248334,
        "internal_val_evals_std": 0.04548066184201241,
        "validation_mse_mean": 0.7415704394532201,
        "validation_mse_std": 0.19518214993187252,
        "validation_mee_mean": 0.5865809481007582,
        "validation_mee_std": 0.05360137947324551
    },
    "model_2": {
        "tr_losses_mean": 21.151541362400167,
        "tr_losses_std": 1.6292128325241373,
        "tr_evals_mean": 0.1702734971678373,
        "tr_evals_std": 0.0062981318120824414,
        "internal_val_losses_mean": 0.7768625712776711,
        "internal_val_losses_std": 0.254894375287461,
        "internal_val_evals_mean": 0.5923743315658163,
        "internal_val_evals_std": 0.062241268067063045,
        "validation_mse_mean": 0.7048515188046172,
        "validation_mse_std": 0.23204116134479424,
        "validation_mee_mean": 0.572814890120282,
        "validation_mee_std": 0.043583656720356606
    },
    "model_3": {
        "tr_losses_mean": 22.196180188418943,
        "tr_losses_std": 0.9377870903749816,
        "tr_evals_mean": 0.17440398539172397,
        "tr_evals_std": 0.0032424986699561707,
        "internal_val_losses_mean": 0.8154214318789281,
        "internal_val_losses_std": 0.25596136056166974,
        "internal_val_evals_mean": 0.5971962349217588,
        "internal_val_evals_std": 0.05650921088987663,
        "validation_mse_mean": 0.760746773039864,
        "validation_mse_std": 0.2672649580742475,
        "validation_mee_mean": 0.5960358736186713,
        "validation_mee_std": 0.08754491214601794
    },
    "model_4": {
        "tr_losses_mean": 69.45228944374837,
        "tr_losses_std": 2.5194162496924686,
        "tr_evals_mean": 0.3009507020509973,
        "tr_evals_std": 0.006472476771725932,
        "internal_val_losses_mean": 0.6851968082468857,
        "internal_val_losses_std": 0.12942409877171893,
        "internal_val_evals_mean": 0.5973767908315979,
        "internal_val_evals_std": 0.04837734461391685,
        "validation_mse_mean": 0.6797552492416481,
        "validation_mse_std": 0.17589208607504492,
        "validation_mee_mean": 0.5875601601042695,
        "validation_mee_std": 0.05157255450253698
    },
    "model_5": {
        "tr_losses_mean": 24.8510752665781,
        "tr_losses_std": 1.326736469935536,
        "tr_evals_mean": 0.18476558730939174,
        "tr_evals_std": 0.004423273059062328,
        "internal_val_losses_mean": 0.7333868938375344,
        "internal_val_losses_std": 0.2631595069443615,
        "internal_val_evals_mean": 0.5674288207915223,
        "internal_val_evals_std": 0.07127385149864278,
        "validation_mse_mean": 0.7602657893862341,
        "validation_mse_std": 0.3492676277089709,
        "validation_mee_mean": 0.5678970692979971,
        "validation_mee_std": 0.05296155333340812
    },
    "model_6": {
        "tr_losses_mean": 34.12522560524164,
        "tr_losses_std": 2.5396859323428242,
        "tr_evals_mean": 0.21665427905170964,
        "tr_evals_std": 0.008557353094349875,
        "internal_val_losses_mean": 0.7018379288669558,
        "internal_val_losses_std": 0.18838556829002198,
        "internal_val_evals_mean": 0.5758092816756049,
        "internal_val_evals_std": 0.050551754083763216,
        "validation_mse_mean": 0.8113710437685275,
        "validation_mse_std": 0.34502790216370555,
        "validation_mee_mean": 0.5823631160186922,
        "validation_mee_std": 0.06061867363887951
    },
    "model_7": {
        "tr_losses_mean": 55.96937300731853,
        "tr_losses_std": 106.61305184322566,
        "tr_evals_mean": 0.23955847836050218,
        "tr_evals_std": 0.21731154164593794,
        "internal_val_losses_mean": 0.9026641650059755,
        "internal_val_losses_std": 0.41523378788646903,
        "internal_val_evals_mean": 0.6632859564896812,
        "internal_val_evals_std": 0.17443585070669398,
        "validation_mse_mean": 0.8645575500974043,
        "validation_mse_std": 0.3414417218353985,
        "validation_mee_mean": 0.6599314675157066,
        "validation_mee_std": 0.16283039103930236
    },
    "model_8": {
        "tr_losses_mean": 32.275676709352425,
        "tr_losses_std": 2.5640750052177643,
        "tr_evals_mean": 0.2109246324519868,
        "tr_evals_std": 0.008092107195238077,
        "internal_val_losses_mean": 0.5875237271032911,
        "internal_val_losses_std": 0.10010503064047185,
        "internal_val_evals_mean": 0.548434606859908,
        "internal_val_evals_std": 0.028288760298328483,
        "validation_mse_mean": 0.5698692783271012,
        "validation_mse_std": 0.1413588087742471,
        "validation_mee_mean": 0.5518770655489673,
        "validation_mee_std": 0.04755888278768237
    },
    "model_9": {
        "tr_losses_mean": 58.087862060561505,
        "tr_losses_std": 1.2843836126380523,
        "tr_evals_mean": 0.27557056544847996,
        "tr_evals_std": 0.002741257668405814,
        "internal_val_losses_mean": 0.8151386847581291,
        "internal_val_losses_std": 0.1743334232840531,
        "internal_val_evals_mean": 0.6106723308483373,
        "internal_val_evals_std": 0.045431889292715216,
        "validation_mse_mean": 0.7879921433945459,
        "validation_mse_std": 0.187434790929588,
        "validation_mee_mean": 0.6057528658856097,
        "validation_mee_std": 0.05397779711235523
    },
    "model_10": {
        "tr_losses_mean": 30.625289937674467,
        "tr_losses_std": 22.1434385606809,
        "tr_evals_mean": 0.20943852080587266,
        "tr_evals_std": 0.0915496819301987,
        "internal_val_losses_mean": 0.9072398532812593,
        "internal_val_losses_std": 0.20436581074012036,
        "internal_val_evals_mean": 0.6394441832649078,
        "internal_val_evals_std": 0.07053874983573068,
        "validation_mse_mean": 0.829299650958603,
        "validation_mse_std": 0.22353911091621675,
        "validation_mee_mean": 0.6134568933079061,
        "validation_mee_std": 0.06487282880388395
    },
    "validation_mse_mean": 0.44696212313890255,
    "validation_mse_std": 0.1216202068786699,
    "validation_mee_mean": 0.4641107644007538,
    "validation_mee_std": 0.03730706966731723
}