{
    "model_1": 0.4729307879548885,
    "model_2": 0.484029630510754,
    "model_3": 0.4807965153242352,
    "model_4": 0.48765767982266184,
    "model_5": 0.526585112116505,
    "model_6": 0.502449698256044,
    "model_7": 0.4825678593315722,
    "model_8": 0.529564539621356,
    "model_9": 0.49721784591795753,
    "model_10": 0.49277182419155324,
    "ensemble": 0.4612263263647734
}