{
    "model_1": 0.4306913702100016,
    "model_2": 0.4627997290169292,
    "model_3": 0.4569364169914261,
    "model_4": 0.5230058149212081,
    "model_5": 0.4796252345096355,
    "model_6": 0.4971140782823407,
    "model_7": 0.48633236362192506,
    "model_8": 0.48995882230652726,
    "model_9": 0.5110109786053627,
    "model_10": 0.4493764648398039,
    "ensemble": 0.43170202848876654
}